,precision,recall,f1-score,support
glioma,0.9957983193277311,0.9713114754098361,0.983402489626556,244.0
meningioma,0.9553903345724907,0.9625468164794008,0.9589552238805971,267.0
notumor,0.980327868852459,0.9966666666666667,0.9884297520661157,300.0
pituitary,0.9885931558935361,0.9848484848484849,0.9867172675521821,264.0
accuracy,0.9795348837209302,0.9795348837209302,0.9795348837209302,0.9795348837209302
macro avg,0.9800274196615542,0.9788433608510971,0.9793761832813628,1075.0
weighted avg,0.9796753144729794,0.9795348837209302,0.9795474758126604,1075.0
